<?xml version="1.0" encoding="UTF-8"?>
<beans xmlns="http://www.springframework.org/schema/beans"
	xmlns:xsi="http://www.w3.org/2001/XMLSchema-instance" xmlns:batch="http://www.springframework.org/schema/batch"
	xsi:schemaLocation="
	http://www.springframework.org/schema/batch http://www.springframework.org/schema/batch/spring-batch.xsd
	http://www.springframework.org/schema/beans http://www.springframework.org/schema/beans/spring-beans.xsd">

	<description>Example job to get you started. It provides a skeleton for
		a typical batch application.
	</description>



	<!-- Job流配置，根据需要配置，其中每个Job以及Step都可以配置监听，retry,skip,retart等策略也需要相应配置，
	具体复杂策略，可以通过实现或继承相应的接口或类进行重写，在相应位置ref该策略既可以 -->
	<!-- Job工作流配置标签及属性有，split，flow，step，next,decision等 -->
	<batch:job id="myJob">
		<batch:listeners>
			<batch:listener ref="jobCompletionNotificationListener"></batch:listener>
		</batch:listeners>
		<batch:split id="split">
			<batch:flow>
				<!-- csv文件的读写 -->
				<batch:step id="csvStep" next="xmlStep">
					<batch:tasklet transaction-manager="transactionManager" >
						<!-- 给定数量的Item集合，此处，包含读/处理/写操作，commit-interval配置读几次写一次 -->
						<batch:chunk reader="csvItemReader" writer="csvItemWriter"
							processor="csvItemProcessor" commit-interval="1" retry-limit="3"
							skip-limit="3"  >
							<!-- 跳过配置 -->
							<batch:skippable-exception-classes >
								<batch:include class="java.lang.Exception" />
								<batch:exclude class="java.io.FileNotFoundException" />
							</batch:skippable-exception-classes>
							<!-- 重试配置 -->
							<batch:retryable-exception-classes>
								<batch:include
									class="org.springframework.dao.DeadlockLoserDataAccessException" />
							</batch:retryable-exception-classes>
						</batch:chunk>

					</batch:tasklet>
				</batch:step>

				<!-- xml文件的读写 -->
				<batch:step id="xmlStep" >
					<batch:tasklet transaction-manager="transactionManager">
						<!-- 给定数量的Item集合，此处，包含读/处理/写操作，读2次写一次 -->
						<batch:chunk reader="xmlItemReader" writer="xmlItemWriter"
							processor="xmlItemProcessor" commit-interval="2">
						</batch:chunk>
					</batch:tasklet>

				</batch:step>

			</batch:flow>


			<batch:flow>
				<!-- 固定长度文本文件的读写 -->
				<batch:step id="fixLengthStep" >
					<batch:tasklet>
						<batch:chunk reader="fixedLengthReader" writer="fixedLengthWriter"
							processor="fixedLengthProcessor" commit-interval="2">
						</batch:chunk>
					</batch:tasklet>
					<batch:next on="FAILED" to="jdbcStep"/><!-- 根据执行结果配置下一步需要执行内容 -->
					<batch:next on="COMPLETED" to="testStep"/>
				</batch:step>

				<!-- 数据库内容的读写操作 -->
				<batch:step id="jdbcStep" next="testStep">
					<batch:tasklet>
						<batch:chunk reader="jdbcItemReader" writer="jdbcItemWriter"
							processor="jdbcProcessor" commit-interval="10">
						</batch:chunk>
					</batch:tasklet>
				</batch:step>
				
				<!-- 读csv文件，写入数据库 -->
				<batch:step id="testStep">
					<batch:tasklet>
						<batch:chunk reader="csvItemReader" writer="jdbcItemWriter"
							processor="csvItemProcessor" commit-interval="10">
						</batch:chunk>
					</batch:tasklet>
				</batch:step>
			</batch:flow>
		</batch:split>
	</batch:job>
</beans>
